{"cameraMode":{"drawMode":0,"name":"Shaded","section":"Shading Mode"},"sceneLighting":true,"audioPlay":false,"sceneViewState":{"showFog":true,"showMaterialUpdate":false,"showSkybox":true,"showFlares":true,"showImageEffects":true,"showParticleSystems":true,"showVisualEffectGraphs":true,"m_FxEnabled":true},"in2DMode":false,"pivot":{"x":-8.592731475830079,"y":145.35862731933595,"z":-167.45547485351563},"rotation":{"x":-0.07875204086303711,"y":-0.03996508941054344,"z":-0.0031000073067843916,"w":0.9961392283439636},"size":85.2530288696289,"orthographic":false}